country,category_name,n_snapshots,avg_views,median_views,avg_like_rate,avg_comment_rate,avg_persistence
GB,Music,13698,12440810.595634399,2979229.0,0.03828997199625649,0.0030229695441117187,22.095123375675282
GB,Nonprofits & Activism,90,3919980.688888889,672604.0,0.04087966425674521,0.008005290407633535,22.177777777777777
GB,Entertainment,9055,3270544.7082274985,783747.0,0.03024108982121561,0.004626521592757812,16.9436775262286
GB,Film & Animation,2564,3242571.391575663,1143910.0,0.026870812336353952,0.00417820608569647,19.2304992199688
GB,Science & Technology,516,3158529.3643410853,708019.0,0.02713352598512499,0.004793315623011937,16.608527131782946
GB,Comedy,1819,2164422.583837273,1276837.0,0.036439291171001406,0.0046208917846269106,15.356789444749863
GB,People & Blogs,2923,1965383.5237769415,320455.0,0.03932095963474206,0.005434320062516067,15.471775573041397
GB,Sports,1903,1754049.2149238046,343861.0,0.016772044838936573,0.003178467926161794,13.896479243300053
GB,Autos & Vehicles,144,1487392.4583333333,1044150.0,0.018626533265861858,0.004462421716933999,12.458333333333334
GB,Shows,20,1429164.15,1498767.5,0.029920686864800834,0.0028950980498454234,21.0
GB,Travel & Events,96,1383177.0104166667,218176.0,0.04260301753868249,0.004877692250151176,11.270833333333334
GB,News & Politics,1218,1139425.301313629,228477.5,0.021023207744507284,0.008648760916167222,13.336617405582922
GB,Pets & Animals,533,1009746.3433395872,564905.0,0.031962646998784115,0.003079296634740724,16.666041275797372
GB,Gaming,1778,980048.3008998875,309154.5,0.03301372222343025,0.006663894766876218,14.047244094488189
GB,Education,457,972189.4026258206,402504.0,0.038604255301719875,0.006717168368929813,16.2253829321663
GB,Howto & Style,1928,617300.4289419088,263412.0,0.04361577474495976,0.0048804287525713325,15.063278008298756
IN,Gaming,52,3781228.019230769,2068993.0,0.03754293242424521,0.0037883016822323565,3.230769230769231
IN,Movies,10,3191953.0,2906235.5,0.016484785769361125,0.0008702070671356716,6.8
IN,Music,3171,2430404.2160201827,791486.0,0.02570787264178369,0.0017237368173299993,5.425417849258909
IN,Film & Animation,1430,2154273.251048951,638618.0,0.01932700287150043,0.001718293228782145,4.648251748251749
IN,Sports,632,1743118.210443038,638059.0,0.01380161481483841,0.0011349297891042303,3.2974683544303796
IN,Pets & Animals,3,1626581.0,2244679.0,0.05392569152931448,0.006208233919901984,63.333333333333336
IN,Entertainment,14511,871318.3155537179,247452.0,0.015980747728714818,0.0017540003032831524,3.7765143684101714
IN,Science & Technology,510,847719.7039215686,292448.0,0.07783533248973903,0.02614122265068962,2.2372549019607844
IN,Howto & Style,793,845686.5977301387,253013.0,0.014989880514509498,0.002307810250977977,2.360655737704918
IN,Comedy,2878,800453.9947880473,439437.5,0.05351400905818829,0.00484178244636705,3.985059068797776
IN,Shows,147,665767.5578231292,620555.0,0.00626131019370065,0.0010525266044597462,2.795918367346939
IN,People & Blogs,2338,483428.624893071,233744.0,0.01654620802480001,0.0018062466486198025,3.0889649272882806
IN,Autos & Vehicles,69,383178.3188405797,183366.0,0.02142479186009521,0.0038605158657144044,2.7681159420289854
IN,News & Politics,4649,350656.5941062594,174110.0,0.008433301625949316,0.001704490200435226,3.621423962142396
IN,Travel & Events,8,171792.75,189713.0,0.01631654754062795,0.001580651721788953,2.25
IN,Education,1154,113680.77123050259,50872.0,0.05307555850779778,0.006666847128311938,2.3128249566724435
IN,Nonprofits & Activism,103,62847.59223300971,49558.0,0.033590296428045216,0.0012464487051421387,1.8155339805825244
JP,Science & Technology,106,809469.4528301887,77096.0,0.015321941500850944,0.0035890193892358815,1.349056603773585
JP,Music,916,677469.2412663755,67234.5,0.057489025109676406,0.005787745496985547,2.2532751091703056
JP,Comedy,487,382404.8336755647,144920.0,0.01979995275294968,0.003964106229542134,1.5605749486652978
JP,Sports,1500,274525.12533333333,67395.5,0.00806517070217447,0.0020206143002131065,1.962
JP,Entertainment,4359,269234.9589355357,75737.0,0.018452449831557714,0.0033749486191918415,1.7630190410644644
JP,Film & Animation,852,253479.6866197183,53546.0,0.014989735388072713,0.002722455853048639,1.6901408450704225
JP,Gaming,702,165489.85042735044,65251.0,0.018695277676946485,0.004224842291121999,1.8433048433048433
JP,People & Blogs,2793,136339.66809881848,31167.0,0.014889103657032176,0.002614609501239644,1.903687790905836
JP,News & Politics,1011,125139.40059347182,32211.0,0.010618102362778848,0.002554081217083543,2.016815034619189
JP,Howto & Style,570,123395.7649122807,41883.0,0.02322926956213083,0.004318336740512134,1.8596491228070176
JP,Travel & Events,90,107051.41111111111,91947.0,0.012819735077055566,0.0032775766925961414,1.3111111111111111
JP,Nonprofits & Activism,13,105478.76923076923,60250.0,0.020766896554948396,0.005435605051154666,1.0
JP,Education,87,83444.64367816092,11761.0,0.021865433744920625,0.0027526330955518446,1.1149425287356323
JP,Autos & Vehicles,227,75309.67400881057,11519.0,0.013437540941493974,0.0028669145442727717,1.9691629955947136
JP,Pets & Animals,830,54651.115662650605,25390.0,0.031695425098595124,0.004704675021017984,1.7409638554216869
RU,Music,1878,817001.8434504792,159957.0,0.06086849847883703,0.006678536813189584,2.711395101171459
RU,Science & Technology,1115,377807.5865470852,129557.0,0.07463256595036621,0.011678981273646657,2.2466367713004485
RU,Entertainment,5886,351772.11790689774,127169.5,0.048877056808620575,0.008144652140888671,2.6439007815154603
RU,Comedy,3032,332655.66688654356,137321.5,0.062336042560187245,0.008908070043678629,3.0728891820580473
RU,Autos & Vehicles,1569,241754.22498406627,120210.0,0.057372294954756736,0.008042592543946372,1.9024856596558317
RU,Gaming,1031,215045.5130940834,76892.0,0.07311544502898287,0.009725527632111946,2.4296799224054317
RU,Sports,1944,194578.97222222222,83036.5,0.03545924163691576,0.005001473825276038,1.999485596707819
RU,Howto & Style,1986,193483.18227593153,29464.0,0.06468731407374886,0.008887744679885795,2.3031218529707957
RU,Nonprofits & Activism,1522,186839.38830486202,32338.5,0.0463604600263639,0.011065188840889301,1.9185282522996059
RU,Film & Animation,3010,178034.51162790696,56072.0,0.03537227822017378,0.004691310719333955,2.63156146179402
RU,Shows,189,169603.5185185185,96219.0,0.024960547376493294,0.00480171408535369,2.2962962962962963
RU,People & Blogs,10244,151508.55974228817,38468.5,0.050338648692252075,0.00874128743496325,1.9929714955095665
RU,News & Politics,5353,137122.9962637773,58872.0,0.030096670378463197,0.008581800117473804,1.8051559872968428
RU,Pets & Animals,600,102535.375,26011.0,0.07783548589962369,0.013179300110663414,1.76
RU,Movies,1,100049.0,100049.0,0.017311517356495318,0.0019590400703655207,1.0
RU,Travel & Events,260,88044.33846153846,40985.0,0.06051985348116596,0.013181711570185701,1.2076923076923076
RU,Education,702,58316.18091168091,12543.0,0.06097079569009986,0.008842226555475764,1.4273504273504274
US,Music,6467,6204776.02304005,1434324.0,0.04756854178599437,0.0038612871944154457,11.658883562702954
US,Film & Animation,2343,3101917.3845497225,1274578.0,0.027413354328990253,0.0035638159930231517,10.56978233034571
US,Nonprofits & Activism,57,2963884.0701754387,73649.0,0.037903813867303335,0.007306097316573101,5.350877192982456
US,Gaming,816,2607597.7708333335,1488158.0,0.03732212935638972,0.0074659317900795386,12.083333333333334
US,Entertainment,9943,2067648.6263703108,733656.0,0.02853209002254097,0.003902852791295798,9.64648496429649
US,Sports,2172,2027262.3720073665,559352.0,0.015283067866545883,0.0026112989850630513,7.856353591160221
US,People & Blogs,3208,1530550.0822942643,598419.0,0.04180984523286315,0.004819997420186888,9.260598503740649
US,Comedy,3453,1480239.3831450911,976989.0,0.04387012502023637,0.005214291821408155,9.60729800173762
US,Science & Technology,2397,1449087.5064664164,582247.0,0.030623962097296124,0.00413821845105925,9.257822277847309
US,Autos & Vehicles,384,1355965.4088541667,406278.0,0.01690349807626725,0.0034902741591867747,6.729166666666667
US,Howto & Style,4142,982861.3882182521,502356.0,0.04498504011112661,0.005887660752225044,10.071463061323032
US,Shows,57,903527.3333333334,1155692.0,0.022140281318794523,0.003732459349896718,18.017543859649123
US,Travel & Events,401,855612.4912718205,494964.0,0.020802269304253232,0.003569348746352531,9.82793017456359
US,Pets & Animals,920,831143.4663043479,444501.5,0.03347130247477704,0.0040146369564110955,9.728260869565217
US,Education,1654,711444.9474002419,419288.5,0.037757840577222444,0.004506799031281018,8.905683192261185
US,News & Politics,2485,592792.951307847,244014.0,0.01269158157572336,0.0064186405677882094,7.279275653923541
